{
    "feature_names": [
        "age",
        "bp",
        "sg",
        "al",
        "su",
        "rbc",
        "pc",
        "pcc",
        "ba",
        "bgr",
        "bu",
        "sc",
        "sod",
        "pot",
        "hemo",
        "pcv",
        "wc",
        "rc",
        "htn",
        "dm",
        "cad",
        "appet",
        "pe",
        "ane"
    ],
    "weights": [
        -0.021867626048333377,
        0.07529765902902277,
        0.10486935820809251,
        1.7247551803502603,
        0.520350377569758,
        0.5323454809628684,
        0.48626585347667944,
        0.0660957695177405,
        0.021547474940641576,
        0.03724807536709035,
        -0.008313555226041342,
        2.336550642042252,
        0.07728179531574467,
        0.32199983134446913,
        -1.1623849239725483,
        -0.12878579329428408,
        1.0595481965113858e-05,
        -0.8083849108779856,
        1.0431118087877387,
        1.1350422769831547,
        0.04861856268465991,
        0.7040530698442713,
        0.7490449160810095,
        0.41811573153062337
    ],
    "intercept": 0.20744328591348224,
    "categorical_mappings": {
        "sg": [
            1.005,
            1.01,
            1.015,
            1.02,
            1.025
        ],
        "al": [
            0,
            1,
            2,
            3,
            4,
            5
        ],
        "su": [
            0,
            1,
            2,
            3,
            4,
            5
        ],
        "rbc": {
            "normal": 0,
            "abnormal": 1
        },
        "pc": {
            "normal": 0,
            "abnormal": 1
        },
        "pcc": {
            "notpresent": 0,
            "present": 1
        },
        "ba": {
            "notpresent": 0,
            "present": 1
        },
        "htn": {
            "no": 0,
            "yes": 1
        },
        "dm": {
            "no": 0,
            "yes": 1
        },
        "cad": {
            "no": 0,
            "yes": 1
        },
        "appet": {
            "good": 0,
            "poor": 1
        },
        "pe": {
            "no": 0,
            "yes": 1
        },
        "ane": {
            "no": 0,
            "yes": 1
        }
    }
}